date,hydrological_year,month,iph_reference,source,source_note
2015-10,2015/2016,10,1.17,APA,"Monitorizacao Agrometeorologica e Hidrologica -- 30 de junho de 2018, Tabela 7 (fonte: estatistica mensal REN)"
2015-11,2015/2016,11,0.71,APA,"Monitorizacao Agrometeorologica e Hidrologica -- 30 de junho de 2018, Tabela 7 (fonte: estatistica mensal REN)"
2015-12,2015/2016,12,0.38,APA,"Monitorizacao Agrometeorologica e Hidrologica -- 30 de junho de 2018, Tabela 7 (fonte: estatistica mensal REN)"
2016-01,2015/2016,1,1.52,APA,"Monitorizacao Agrometeorologica e Hidrologica -- 30 de junho de 2018, Tabela 7 (fonte: estatistica mensal REN)"
2016-02,2015/2016,2,1.53,APA,"Monitorizacao Agrometeorologica e Hidrologica -- 30 de junho de 2018, Tabela 7 (fonte: estatistica mensal REN)"
2016-03,2015/2016,3,1.27,APA,"Monitorizacao Agrometeorologica e Hidrologica -- 30 de junho de 2018, Tabela 7 (fonte: estatistica mensal REN)"
2016-04,2015/2016,4,2.24,APA,"Monitorizacao Agrometeorologica e Hidrologica -- 30 de junho de 2018, Tabela 7 (fonte: estatistica mensal REN)"
2016-05,2015/2016,5,2.33,APA,"Monitorizacao Agrometeorologica e Hidrologica -- 30 de junho de 2018, Tabela 7 (fonte: estatistica mensal REN)"
2016-06,2015/2016,6,1.43,APA,"Monitorizacao Agrometeorologica e Hidrologica -- 30 de junho de 2018, Tabela 7 (fonte: estatistica mensal REN)"
2016-10,2016/2017,10,0.75,APA,"Monitorizacao Agrometeorologica e Hidrologica -- 30 de junho de 2018, Tabela 7 (fonte: estatistica mensal REN)"
2016-11,2016/2017,11,0.52,APA,"Monitorizacao Agrometeorologica e Hidrologica -- 30 de junho de 2018, Tabela 7 (fonte: estatistica mensal REN)"
2016-12,2016/2017,12,0.38,APA,"Monitorizacao Agrometeorologica e Hidrologica -- 30 de junho de 2018, Tabela 7 (fonte: estatistica mensal REN)"
2017-01,2016/2017,1,0.36,APA,"Monitorizacao Agrometeorologica e Hidrologica -- 30 de junho de 2018, Tabela 7 (fonte: estatistica mensal REN)"
2017-02,2016/2017,2,0.92,APA,"Monitorizacao Agrometeorologica e Hidrologica -- 30 de junho de 2018, Tabela 7 (fonte: estatistica mensal REN)"
2017-03,2016/2017,3,0.67,APA,"Monitorizacao Agrometeorologica e Hidrologica -- 30 de junho de 2018, Tabela 7 (fonte: estatistica mensal REN)"
2017-04,2016/2017,4,0.41,APA,"Monitorizacao Agrometeorologica e Hidrologica -- 30 de junho de 2018, Tabela 7 (fonte: estatistica mensal REN)"
2017-05,2016/2017,5,0.56,APA,"Monitorizacao Agrometeorologica e Hidrologica -- 30 de junho de 2018, Tabela 7 (fonte: estatistica mensal REN)"
2017-06,2016/2017,6,0.47,APA,"Monitorizacao Agrometeorologica e Hidrologica -- 30 de junho de 2018, Tabela 7 (fonte: estatistica mensal REN)"
2017-07,2016/2017,7,1.18,APA,"Monitorizacao Agrometeorologica e Hidrologica -- 30 de junho de 2018, Tabela 7 (fonte: estatistica mensal REN)"
2017-08,2016/2017,8,2.17,APA,"Monitorizacao Agrometeorologica e Hidrologica -- 30 de junho de 2018, Tabela 7 (fonte: estatistica mensal REN)"
2017-09,2016/2017,9,1.22,APA,"Monitorizacao Agrometeorologica e Hidrologica -- 30 de junho de 2018, Tabela 7 (fonte: estatistica mensal REN)"
2017-10,2017/2018,10,0.16,APA,"Monitorizacao Agrometeorologica e Hidrologica -- 30 de junho de 2018, Tabela 7 (fonte: estatistica mensal REN)"
2017-11,2017/2018,11,0.16,APA,"Monitorizacao Agrometeorologica e Hidrologica -- 30 de junho de 2018, Tabela 7 (fonte: estatistica mensal REN)"
2017-12,2017/2018,12,0.28,APA,"Monitorizacao Agrometeorologica e Hidrologica -- 30 de junho de 2018, Tabela 7 (fonte: estatistica mensal REN)"
2018-01,2017/2018,1,0.40,APA,"Monitorizacao Agrometeorologica e Hidrologica -- 30 de junho de 2018, Tabela 7 (fonte: estatistica mensal REN)"
2018-02,2017/2018,2,0.37,APA,"Monitorizacao Agrometeorologica e Hidrologica -- 30 de junho de 2018, Tabela 7 (fonte: estatistica mensal REN)"
2018-03,2017/2018,3,2.23,APA,"Monitorizacao Agrometeorologica e Hidrologica -- 30 de junho de 2018, Tabela 7 (fonte: estatistica mensal REN)"
2018-04,2017/2018,4,2.01,APA,"Monitorizacao Agrometeorologica e Hidrologica -- 30 de junho de 2018, Tabela 7 (fonte: estatistica mensal REN)"
2018-05,2017/2018,5,0.99,APA,"Monitorizacao Agrometeorologica e Hidrologica -- 30 de junho de 2018, Tabela 7 (fonte: estatistica mensal REN)"
2018-06,2017/2018,6,1.58,APA,"Monitorizacao Agrometeorologica e Hidrologica -- 30 de junho de 2018, Tabela 7 (fonte: estatistica mensal REN)"
2018-07,2017/2018,7,0.37,APA,"Monitorizacao Agrometeorologica e Hidrologica -- 30 de junho de 2018, Tabela 7 (fonte: estatistica mensal REN)"
2018-08,2017/2018,8,0.85,APA,"Monitorizacao Agrometeorologica e Hidrologica -- 30 de junho de 2018, Tabela 7 (fonte: estatistica mensal REN)"
2018-09,2017/2018,9,0.47,APA,"Monitorizacao Agrometeorologica e Hidrologica -- 30 de junho de 2018, Tabela 7 (fonte: estatistica mensal REN)"
